{
	"PlayerPosition": [ 780.29739939444664, 179300, 138.9116605386908 ],
	"NumberOfGatheredCoins": 1
}