{
	"PlayerPosition": [ 431.37359619140625, 179295.953125, 138.91168212890625 ],
	"NumberOfGatheredCoins": 1
}