{
	"PlayerPosition": [ 27490.171710760667, 184292.47221270736, 138.91166794046765 ],
	"NumberOfGatheredCoins": 37.5
}